purpose_code,purpose_name,sector_code,sector_name,Aggregate sectors 1,Aggregate sectors 2,Aggregate sectors 3,Aggregate sectors 4,IDRC,IDRC WASH SP,Non-transfer,Non-transfer WASH SP
11110,Education policy and administrative management,111,"I.1.a. Education, Level Unspecified",Education,Education,Education,Social,Non-IDRC,All other,,
11120,Education facilities and training,111,"I.1.a. Education, Level Unspecified",Education,Education,Education,Social,Non-IDRC,All other,,
11130,Teacher training,111,"I.1.a. Education, Level Unspecified",Education,Education,Education,Social,Non-IDRC,All other,,
11182,Educational research,111,"I.1.a. Education, Level Unspecified",Education,Education,Education,Social,Non-IDRC,All other,,
11220,Primary education,112,I.1.b. Basic Education,Education,Education,Education,Social,Non-IDRC,All other,,
11230,Basic life skills for adults,112,I.1.b. Basic Education,Education,Education,Education,Social,Non-IDRC,All other,,
11231,Basic life skills for youth,112,I.1.b. Basic Education,Education,Education,Education,Social,Non-IDRC,All other,,
11232,Primary education equivalent for adults,112,I.1.b. Basic Education,Education,Education,Education,Social,Non-IDRC,All other,,
11240,Early childhood education,112,I.1.b. Basic Education,Education,Education,Education,Social,Non-IDRC,All other,,
11250,School feeding,112,I.1.b. Basic Education,Education,Education,Education,Social,Non-IDRC,All other,,
11260,Lower secondary education,112,I.1.b. Basic Education,Education,Education,Education,Social,Non-IDRC,All other,,
11320,Upper Secondary Education (modified and includes data from 11322),113,I.1.c. Secondary Education,Education,Education,Education,Social,Non-IDRC,All other,,
11330,Vocational training,113,I.1.c. Secondary Education,Education,Education,Education,Social,Non-IDRC,All other,,
11420,Higher education,114,I.1.d. Post-Secondary Education,Education,Education,Education,Social,Non-IDRC,All other,,
11430,Advanced technical and managerial training,114,I.1.d. Post-Secondary Education,Education,Education,Education,Social,Non-IDRC,All other,,
12110,Health policy and administrative management,121,"I.2.a. Health, General",Health,Health,Health,Social,Non-IDRC,All other,,
12181,Medical education/training,121,"I.2.a. Health, General",Health,Health,Health,Social,Non-IDRC,All other,,
12182,Medical research,121,"I.2.a. Health, General",Health,Health,Health,Social,Non-IDRC,All other,,
12191,Medical services,121,"I.2.a. Health, General",Health,Health,Health,Social,Non-IDRC,All other,,
12220,Basic health care,122,I.2.b. Basic Health,Health,Health,Health,Social,Non-IDRC,All other,,
12230,Basic health infrastructure,122,I.2.b. Basic Health,Health,Health,Health,Social,Non-IDRC,All other,,
12240,Basic nutrition,122,I.2.b. Basic Health,Health,Health,Health,Social,Non-IDRC,All other,,
12250,Infectious disease control,122,I.2.b. Basic Health,Health,Health,Health,Social,Non-IDRC,All other,,
12261,Health education,122,I.2.b. Basic Health,Health,Health,Health,Social,Non-IDRC,All other,,
12262,Malaria control,122,I.2.b. Basic Health,Health,Health,Health,Social,Non-IDRC,All other,,
12263,Tuberculosis control,122,I.2.b. Basic Health,Health,Health,Health,Social,Non-IDRC,All other,,
12264,COVID-19 control,122,I.2.b. Basic Health,Health,Health,Health,Social,Non-IDRC,All other,,
12281,Health personnel development,122,I.2.b. Basic Health,Health,Health,Health,Social,Non-IDRC,All other,,
12310,"NCDs control, general",123,I.2.c. Non-communicable diseases (NCDs),Health,Health,Health,Social,Non-IDRC,All other,,
12320,Tobacco use control,123,I.2.c. Non-communicable diseases (NCDs),Health,Health,Health,Social,Non-IDRC,All other,,
12330,Control of harmful use of alcohol and drugs,123,I.2.c. Non-communicable diseases (NCDs),Health,Health,Health,Social,Non-IDRC,All other,,
12340,Promotion of mental health and well-being,123,I.2.c. Non-communicable diseases (NCDs),Health,Health,Health,Social,Non-IDRC,All other,,
12350,Other prevention and treatment of NCDs,123,I.2.c. Non-communicable diseases (NCDs),Health,Health,Health,Social,Non-IDRC,All other,,
12382,Research for prevention and control of NCDs,123,I.2.c. Non-communicable diseases (NCDs),Health,Health,Health,Social,Non-IDRC,All other,,
13010,Population policy and administrative management,130,I.3. Population Policies/Programmes & Reproductive Health,Health,Health,Health,Social,Non-IDRC,All other,,
13020,Reproductive health care,130,I.3. Population Policies/Programmes & Reproductive Health,Health,Health,Health,Social,Non-IDRC,All other,,
13030,Family planning,130,I.3. Population Policies/Programmes & Reproductive Health,Health,Health,Health,Social,Non-IDRC,All other,,
13040,STD control including HIV/AIDS,130,I.3. Population Policies/Programmes & Reproductive Health,Health,Health,Health,Social,Non-IDRC,All other,,
13081,Personnel development for population and reproductive health,130,I.3. Population Policies/Programmes & Reproductive Health,Health,Health,Health,Social,Non-IDRC,All other,,
14010,Water sector policy and administrative management,140,I.4. Water Supply & Sanitation,Water and sanitation,Water and sanitation,Water and sanitation,Social,Non-IDRC,All other,,
14015,Water resources conservation (including data collection),140,I.4. Water Supply & Sanitation,Water and sanitation,Water and sanitation,Water and sanitation,Social,Non-IDRC,All other,,
14020,Water supply and sanitation - large systems,140,I.4. Water Supply & Sanitation,Water and sanitation,Water and sanitation,Water and sanitation,Social,Non-IDRC,Watsan large systems,,Watsan large systems
14021,Water supply - large systems,140,I.4. Water Supply & Sanitation,Water and sanitation,Water and sanitation,Water and sanitation,Social,Non-IDRC,Watsan large systems,,Watsan large systems
14022,Sanitation - large systems,140,I.4. Water Supply & Sanitation,Water and sanitation,Water and sanitation,Water and sanitation,Social,Non-IDRC,Watsan large systems,,Watsan large systems
14030,Basic drinking water supply and basic sanitation,140,I.4. Water Supply & Sanitation,Water and sanitation,Water and sanitation,Water and sanitation,Social,Non-IDRC,Basic Watsan,,Basic Watsan
14031,Basic drinking water supply,140,I.4. Water Supply & Sanitation,Water and sanitation,Water and sanitation,Water and sanitation,Social,Non-IDRC,Basic Watsan,,Basic Watsan
14032,Basic sanitation,140,I.4. Water Supply & Sanitation,Water and sanitation,Water and sanitation,Water and sanitation,Social,Non-IDRC,Basic Watsan,,Basic Watsan
14040,River basins development,140,I.4. Water Supply & Sanitation,Water and sanitation,Water and sanitation,Water and sanitation,Social,Non-IDRC,All other,,
14050,Waste management/disposal,140,I.4. Water Supply & Sanitation,Water and sanitation,Water and sanitation,Water and sanitation,Social,Non-IDRC,All other,,
14081,Education and training in water supply and sanitation,140,I.4. Water Supply & Sanitation,Water and sanitation,Water and sanitation,Water and sanitation,Social,Non-IDRC,All other,,
15110,Public sector policy and administrative management,151,I.5.a. Government & Civil Society-general,"Governance, civil society and security","Governance, civil society and security","Governance, civil society and security",Social,Non-IDRC,All other,,
15111,Public finance management (PFM),151,I.5.a. Government & Civil Society-general,"Governance, civil society and security","Governance, civil society and security","Governance, civil society and security",Social,Non-IDRC,All other,,
15112,Decentralisation and support to subnational government,151,I.5.a. Government & Civil Society-general,"Governance, civil society and security","Governance, civil society and security","Governance, civil society and security",Social,Non-IDRC,All other,,
15113,Anti-corruption organisations and institutions,151,I.5.a. Government & Civil Society-general,"Governance, civil society and security","Governance, civil society and security","Governance, civil society and security",Social,Non-IDRC,All other,,
15114,Domestic revenue mobilisation,151,I.5.a. Government & Civil Society-general,"Governance, civil society and security","Governance, civil society and security","Governance, civil society and security",Social,Non-IDRC,All other,,
15125,Public Procurement,151,I.5.a. Government & Civil Society-general,"Governance, civil society and security","Governance, civil society and security","Governance, civil society and security",Social,Non-IDRC,All other,,
15130,Legal and judicial development,151,I.5.a. Government & Civil Society-general,"Governance, civil society and security","Governance, civil society and security","Governance, civil society and security",Social,Non-IDRC,All other,,
15142,Macroeconomic policy,151,I.5.a. Government & Civil Society-general,"Governance, civil society and security","Governance, civil society and security","Governance, civil society and security",Social,Non-IDRC,All other,,
15150,Democratic participation and civil society,151,I.5.a. Government & Civil Society-general,"Governance, civil society and security","Governance, civil society and security","Governance, civil society and security",Social,Non-IDRC,All other,,
15151,Elections,151,I.5.a. Government & Civil Society-general,"Governance, civil society and security","Governance, civil society and security","Governance, civil society and security",Social,Non-IDRC,All other,,
15152,Legislatures and political parties,151,I.5.a. Government & Civil Society-general,"Governance, civil society and security","Governance, civil society and security","Governance, civil society and security",Social,Non-IDRC,All other,,
15153,Media and free flow of information,151,I.5.a. Government & Civil Society-general,"Governance, civil society and security","Governance, civil society and security","Governance, civil society and security",Social,Non-IDRC,All other,,
15160,Human rights,151,I.5.a. Government & Civil Society-general,"Governance, civil society and security","Governance, civil society and security","Governance, civil society and security",Social,Non-IDRC,All other,,
15170,"Women's rights organisations and movements, and government institutions",151,I.5.a. Government & Civil Society-general,"Governance, civil society and security","Governance, civil society and security","Governance, civil society and security",Social,Non-IDRC,All other,,
15180,Ending violence against women and girls,151,I.5.a. Government & Civil Society-general,"Governance, civil society and security","Governance, civil society and security","Governance, civil society and security",Social,Non-IDRC,All other,,
15190,"Facilitation of orderly, safe, regular and responsible migration and mobili",151,I.5.a. Government & Civil Society-general,"Governance, civil society and security","Governance, civil society and security","Governance, civil society and security",Social,Non-IDRC,All other,,
15210,Security system management and reform,152,"I.5.b. Conflict, Peace & Security","Governance, civil society and security","Governance, civil society and security","Governance, civil society and security",Social,Non-IDRC,All other,,
15220,"Civilian peace-building, conflict prevention and resolution",152,"I.5.b. Conflict, Peace & Security","Governance, civil society and security","Governance, civil society and security","Governance, civil society and security",Social,Non-IDRC,All other,,
15230,Participation in international peacekeeping operations,152,"I.5.b. Conflict, Peace & Security","Governance, civil society and security","Governance, civil society and security","Governance, civil society and security",Social,Non-IDRC,All other,,
15240,Reintegration and SALW control,152,"I.5.b. Conflict, Peace & Security","Governance, civil society and security","Governance, civil society and security","Governance, civil society and security",Social,Non-IDRC,All other,,
15250,Removal of land mines and explosive remnants of war,152,"I.5.b. Conflict, Peace & Security","Governance, civil society and security","Governance, civil society and security","Governance, civil society and security",Social,Non-IDRC,All other,,
15261,Child soldiers (prevention and demobilisation),152,"I.5.b. Conflict, Peace & Security","Governance, civil society and security","Governance, civil society and security","Governance, civil society and security",Social,Non-IDRC,All other,,
16010,Social Protection,160,I.6. Other Social Infrastructure & Services,Other social services,Other social services,Other social services,Social,Non-IDRC,Social protection,,Social protection
16020,Employment creation,160,I.6. Other Social Infrastructure & Services,Other social services,Other social services,Other social services,Social,Non-IDRC,All other,,
16030,Housing policy and administrative management,160,I.6. Other Social Infrastructure & Services,Other social services,Other social services,Other social services,Social,Non-IDRC,All other,,
16040,Low-cost housing,160,I.6. Other Social Infrastructure & Services,Other social services,Other social services,Other social services,Social,Non-IDRC,All other,,
16050,Multisector aid for basic social services,160,I.6. Other Social Infrastructure & Services,Other social services,Other social services,Other social services,Social,Non-IDRC,All other,,
16061,Culture and cultural diversity,160,I.6. Other Social Infrastructure & Services,Other social services,Other social services,Other social services,Social,Non-IDRC,All other,,
16062,Statistical capacity building,160,I.6. Other Social Infrastructure & Services,Other social services,Other social services,Other social services,Social,Non-IDRC,All other,,
16063,Narcotics control,160,I.6. Other Social Infrastructure & Services,Other social services,Other social services,Other social services,Social,Non-IDRC,All other,,
16064,Social mitigation of HIV/AIDS,160,I.6. Other Social Infrastructure & Services,Other social services,Other social services,Other social services,Social,Non-IDRC,All other,,
16070,Labour rights,160,I.6. Other Social Infrastructure & Services,Other social services,Other social services,Other social services,Social,Non-IDRC,All other,,
16080,Social dialogue,160,I.6. Other Social Infrastructure & Services,Other social services,Other social services,Other social services,Social,Non-IDRC,All other,,
21010,Transport policy and administrative management,210,II.1. Transport & Storage,"Transport, storage, communications","Energy, infrastructure, banking, business",Economic infrastructure and services,Economic infrastructure and services,Non-IDRC,All other,,
21020,Road transport,210,II.1. Transport & Storage,"Transport, storage, communications","Energy, infrastructure, banking, business",Economic infrastructure and services,Economic infrastructure and services,Non-IDRC,All other,,
21030,Rail transport,210,II.1. Transport & Storage,"Transport, storage, communications","Energy, infrastructure, banking, business",Economic infrastructure and services,Economic infrastructure and services,Non-IDRC,All other,,
21040,Water transport,210,II.1. Transport & Storage,"Transport, storage, communications","Energy, infrastructure, banking, business",Economic infrastructure and services,Economic infrastructure and services,Non-IDRC,All other,,
21050,Air transport,210,II.1. Transport & Storage,"Transport, storage, communications","Energy, infrastructure, banking, business",Economic infrastructure and services,Economic infrastructure and services,Non-IDRC,All other,,
21061,Storage,210,II.1. Transport & Storage,"Transport, storage, communications","Energy, infrastructure, banking, business",Economic infrastructure and services,Economic infrastructure and services,Non-IDRC,All other,,
21081,Education and training in transport and storage,210,II.1. Transport & Storage,"Transport, storage, communications","Energy, infrastructure, banking, business",Economic infrastructure and services,Economic infrastructure and services,Non-IDRC,All other,,
22010,Communications policy and administrative management,220,II.2. Communications,"Transport, storage, communications","Energy, infrastructure, banking, business",Economic infrastructure and services,Economic infrastructure and services,Non-IDRC,All other,,
22020,Telecommunications,220,II.2. Communications,"Transport, storage, communications","Energy, infrastructure, banking, business",Economic infrastructure and services,Economic infrastructure and services,Non-IDRC,All other,,
22030,"Radio, television, print and online media",220,II.2. Communications,"Transport, storage, communications","Energy, infrastructure, banking, business",Economic infrastructure and services,Economic infrastructure and services,Non-IDRC,All other,,
22040,Information and communication technology (ICT),220,II.2. Communications,"Transport, storage, communications","Energy, infrastructure, banking, business",Economic infrastructure and services,Economic infrastructure and services,Non-IDRC,All other,,
22081,"Education and training in ICT, telecommunications and media",220,II.2. Communications,"Transport, storage, communications","Energy, infrastructure, banking, business",Economic infrastructure and services,Economic infrastructure and services,Non-IDRC,All other,,
23110,Energy policy and administrative management,231,II.3.a. Energy Policy,Energy,"Energy, infrastructure, banking, business",Economic infrastructure and services,Economic infrastructure and services,Non-IDRC,All other,,
23181,Energy education/training,231,II.3.a. Energy Policy,Energy,"Energy, infrastructure, banking, business",Economic infrastructure and services,Economic infrastructure and services,Non-IDRC,All other,,
23182,Energy research,231,II.3.a. Energy Policy,Energy,"Energy, infrastructure, banking, business",Economic infrastructure and services,Economic infrastructure and services,Non-IDRC,All other,,
23183,Energy conservation and demand-side efficiency,231,II.3.a. Energy Policy,Energy,"Energy, infrastructure, banking, business",Economic infrastructure and services,Economic infrastructure and services,Non-IDRC,All other,,
23210,"Energy generation, renewable sources - multiple technologies",232,"II.3.b. Energy generation, renewable sources",Energy,"Energy, infrastructure, banking, business",Economic infrastructure and services,Economic infrastructure and services,Non-IDRC,All other,,
23220,Hydro-electric power plants,232,"II.3.b. Energy generation, renewable sources",Energy,"Energy, infrastructure, banking, business",Economic infrastructure and services,Economic infrastructure and services,Non-IDRC,All other,,
23230,Solar energy for centralised grids,232,"II.3.b. Energy generation, renewable sources",Energy,"Energy, infrastructure, banking, business",Economic infrastructure and services,Economic infrastructure and services,Non-IDRC,All other,,
23231,Solar energy for isolated grids and standalone systems,232,"II.3.b. Energy generation, renewable sources",Energy,"Energy, infrastructure, banking, business",Economic infrastructure and services,Economic infrastructure and services,Non-IDRC,All other,,
23232,Solar energy - thermal applications,232,"II.3.b. Energy generation, renewable sources",Energy,"Energy, infrastructure, banking, business",Economic infrastructure and services,Economic infrastructure and services,Non-IDRC,All other,,
23240,Wind energy,232,"II.3.b. Energy generation, renewable sources",Energy,"Energy, infrastructure, banking, business",Economic infrastructure and services,Economic infrastructure and services,Non-IDRC,All other,,
23250,Marine energy,232,"II.3.b. Energy generation, renewable sources",Energy,"Energy, infrastructure, banking, business",Economic infrastructure and services,Economic infrastructure and services,Non-IDRC,All other,,
23260,Geothermal energy,232,"II.3.b. Energy generation, renewable sources",Energy,"Energy, infrastructure, banking, business",Economic infrastructure and services,Economic infrastructure and services,Non-IDRC,All other,,
23270,Biofuel-fired power plants,232,"II.3.b. Energy generation, renewable sources",Energy,"Energy, infrastructure, banking, business",Economic infrastructure and services,Economic infrastructure and services,Non-IDRC,All other,,
23310,"Energy generation, non-renewable sources, unspecified",233,"II.3.c. Energy generation, non-renewable sources",Energy,"Energy, infrastructure, banking, business",Economic infrastructure and services,Economic infrastructure and services,Non-IDRC,All other,,
23320,Coal-fired electric power plants,233,"II.3.c. Energy generation, non-renewable sources",Energy,"Energy, infrastructure, banking, business",Economic infrastructure and services,Economic infrastructure and services,Non-IDRC,All other,,
23330,Oil-fired electric power plants,233,"II.3.c. Energy generation, non-renewable sources",Energy,"Energy, infrastructure, banking, business",Economic infrastructure and services,Economic infrastructure and services,Non-IDRC,All other,,
23340,Natural gas-fired electric power plants,233,"II.3.c. Energy generation, non-renewable sources",Energy,"Energy, infrastructure, banking, business",Economic infrastructure and services,Economic infrastructure and services,Non-IDRC,All other,,
23350,Fossil fuel electric power plants with carbon capture and storage (CCS),233,"II.3.c. Energy generation, non-renewable sources",Energy,"Energy, infrastructure, banking, business",Economic infrastructure and services,Economic infrastructure and services,Non-IDRC,All other,,
23360,Non-renewable waste-fired electric power plants,233,"II.3.c. Energy generation, non-renewable sources",Energy,"Energy, infrastructure, banking, business",Economic infrastructure and services,Economic infrastructure and services,Non-IDRC,All other,,
23410,Hybrid energy electric power plants,234,II.3.d. Hybrid energy plants,Energy,"Energy, infrastructure, banking, business",Economic infrastructure and services,Economic infrastructure and services,Non-IDRC,All other,,
23510,Nuclear energy electric power plants and nuclear safety,235,II.3.e. Nuclear energy plants,Energy,"Energy, infrastructure, banking, business",Economic infrastructure and services,Economic infrastructure and services,Non-IDRC,All other,,
23610,Heat plants,236,II.3.f. Energy distribution,Energy,"Energy, infrastructure, banking, business",Economic infrastructure and services,Economic infrastructure and services,Non-IDRC,All other,,
23620,District heating and cooling,236,II.3.f. Energy distribution,Energy,"Energy, infrastructure, banking, business",Economic infrastructure and services,Economic infrastructure and services,Non-IDRC,All other,,
23630,Electric power transmission and distribution (centralised grids),236,II.3.f. Energy distribution,Energy,"Energy, infrastructure, banking, business",Economic infrastructure and services,Economic infrastructure and services,Non-IDRC,All other,,
23631,Electric power transmission and distribution (isolated mini-grids),236,II.3.f. Energy distribution,Energy,"Energy, infrastructure, banking, business",Economic infrastructure and services,Economic infrastructure and services,Non-IDRC,All other,,
23640,Retail gas distribution,236,II.3.f. Energy distribution,Energy,"Energy, infrastructure, banking, business",Economic infrastructure and services,Economic infrastructure and services,Non-IDRC,All other,,
23641,Retail distribution of liquid or solid fossil fuels,236,II.3.f. Energy distribution,Energy,"Energy, infrastructure, banking, business",Economic infrastructure and services,Economic infrastructure and services,Non-IDRC,All other,,
23642,Electric mobility infrastructures,236,II.3.f. Energy distribution,Energy,"Energy, infrastructure, banking, business",Economic infrastructure and services,Economic infrastructure and services,Non-IDRC,All other,,
24010,Financial policy and administrative management,240,II.4. Banking & Financial Services,Banking and business,"Energy, infrastructure, banking, business",Economic infrastructure and services,Economic infrastructure and services,Non-IDRC,All other,,
24020,Monetary institutions,240,II.4. Banking & Financial Services,Banking and business,"Energy, infrastructure, banking, business",Economic infrastructure and services,Economic infrastructure and services,Non-IDRC,All other,,
24030,Formal sector financial intermediaries,240,II.4. Banking & Financial Services,Banking and business,"Energy, infrastructure, banking, business",Economic infrastructure and services,Economic infrastructure and services,Non-IDRC,All other,,
24040,Informal/semi-formal financial intermediaries,240,II.4. Banking & Financial Services,Banking and business,"Energy, infrastructure, banking, business",Economic infrastructure and services,Economic infrastructure and services,Non-IDRC,All other,,
24050,"Remittance facilitation, promotion and optimisation",240,II.4. Banking & Financial Services,Banking and business,"Energy, infrastructure, banking, business",Economic infrastructure and services,Economic infrastructure and services,Non-IDRC,All other,,
24081,Education/training in banking and financial services,240,II.4. Banking & Financial Services,Banking and business,"Energy, infrastructure, banking, business",Economic infrastructure and services,Economic infrastructure and services,Non-IDRC,All other,,
25010,Business policy and administration,250,II.5. Business & Other Services,Banking and business,"Energy, infrastructure, banking, business",Economic infrastructure and services,Economic infrastructure and services,Non-IDRC,All other,,
25020,Privatisation,250,II.5. Business & Other Services,Banking and business,"Energy, infrastructure, banking, business",Economic infrastructure and services,Economic infrastructure and services,Non-IDRC,All other,,
25030,Business development services,250,II.5. Business & Other Services,Banking and business,"Energy, infrastructure, banking, business",Economic infrastructure and services,Economic infrastructure and services,Non-IDRC,All other,,
25040,Responsible business conduct,250,II.5. Business & Other Services,Banking and business,"Energy, infrastructure, banking, business",Economic infrastructure and services,Economic infrastructure and services,Non-IDRC,All other,,
31110,Agricultural policy and administrative management,311,III.1.a. Agriculture,Agriculture and food security,Agriculture and food security,Productive,Productive,Non-IDRC,All other,,
31120,Agricultural development,311,III.1.a. Agriculture,Agriculture and food security,Agriculture and food security,Productive,Productive,Non-IDRC,All other,,
31130,Agricultural land resources,311,III.1.a. Agriculture,Agriculture and food security,Agriculture and food security,Productive,Productive,Non-IDRC,All other,,
31140,Agricultural water resources,311,III.1.a. Agriculture,Agriculture and food security,Agriculture and food security,Productive,Productive,Non-IDRC,All other,,
31150,Agricultural inputs,311,III.1.a. Agriculture,Agriculture and food security,Agriculture and food security,Productive,Productive,Non-IDRC,All other,,
31161,Food crop production,311,III.1.a. Agriculture,Agriculture and food security,Agriculture and food security,Productive,Productive,Non-IDRC,All other,,
31162,Industrial crops/export crops,311,III.1.a. Agriculture,Agriculture and food security,Agriculture and food security,Productive,Productive,Non-IDRC,All other,,
31163,Livestock,311,III.1.a. Agriculture,Agriculture and food security,Agriculture and food security,Productive,Productive,Non-IDRC,All other,,
31164,Agrarian reform,311,III.1.a. Agriculture,Agriculture and food security,Agriculture and food security,Productive,Productive,Non-IDRC,All other,,
31165,Agricultural alternative development,311,III.1.a. Agriculture,Agriculture and food security,Agriculture and food security,Productive,Productive,Non-IDRC,All other,,
31166,Agricultural extension,311,III.1.a. Agriculture,Agriculture and food security,Agriculture and food security,Productive,Productive,Non-IDRC,All other,,
31181,Agricultural education/training,311,III.1.a. Agriculture,Agriculture and food security,Agriculture and food security,Productive,Productive,Non-IDRC,All other,,
31182,Agricultural research,311,III.1.a. Agriculture,Agriculture and food security,Agriculture and food security,Productive,Productive,Non-IDRC,All other,,
31191,Agricultural services,311,III.1.a. Agriculture,Agriculture and food security,Agriculture and food security,Productive,Productive,Non-IDRC,All other,,
31192,Plant and post-harvest protection and pest control,311,III.1.a. Agriculture,Agriculture and food security,Agriculture and food security,Productive,Productive,Non-IDRC,All other,,
31193,Agricultural financial services,311,III.1.a. Agriculture,Agriculture and food security,Agriculture and food security,Productive,Productive,Non-IDRC,All other,,
31194,Agricultural co-operatives,311,III.1.a. Agriculture,Agriculture and food security,Agriculture and food security,Productive,Productive,Non-IDRC,All other,,
31195,Livestock/veterinary services,311,III.1.a. Agriculture,Agriculture and food security,Agriculture and food security,Productive,Productive,Non-IDRC,All other,,
31210,Forestry policy and administrative management,312,III.1.b. Forestry,Agriculture and food security,Agriculture and food security,Productive,Productive,Non-IDRC,All other,,
31220,Forestry development,312,III.1.b. Forestry,Agriculture and food security,Agriculture and food security,Productive,Productive,Non-IDRC,All other,,
31261,Fuelwood/charcoal,312,III.1.b. Forestry,Agriculture and food security,Agriculture and food security,Productive,Productive,Non-IDRC,All other,,
31281,Forestry education/training,312,III.1.b. Forestry,Agriculture and food security,Agriculture and food security,Productive,Productive,Non-IDRC,All other,,
31282,Forestry research,312,III.1.b. Forestry,Agriculture and food security,Agriculture and food security,Productive,Productive,Non-IDRC,All other,,
31291,Forestry services,312,III.1.b. Forestry,Agriculture and food security,Agriculture and food security,Productive,Productive,Non-IDRC,All other,,
31310,Fishing policy and administrative management,313,III.1.c. Fishing,Agriculture and food security,Agriculture and food security,Productive,Productive,Non-IDRC,All other,,
31320,Fishery development,313,III.1.c. Fishing,Agriculture and food security,Agriculture and food security,Productive,Productive,Non-IDRC,All other,,
31381,Fishery education/training,313,III.1.c. Fishing,Agriculture and food security,Agriculture and food security,Productive,Productive,Non-IDRC,All other,,
31382,Fishery research,313,III.1.c. Fishing,Agriculture and food security,Agriculture and food security,Productive,Productive,Non-IDRC,All other,,
31391,Fishery services,313,III.1.c. Fishing,Agriculture and food security,Agriculture and food security,Productive,Productive,Non-IDRC,All other,,
32110,Industrial policy and administrative management,321,III.2.a. Industry,"Industry, mining and trade policy","Industry, mining and trade policy",Productive,Productive,Non-IDRC,All other,,
32120,Industrial development,321,III.2.a. Industry,"Industry, mining and trade policy","Industry, mining and trade policy",Productive,Productive,Non-IDRC,All other,,
32130,Small and medium-sized enterprises (SME) development,321,III.2.a. Industry,"Industry, mining and trade policy","Industry, mining and trade policy",Productive,Productive,Non-IDRC,All other,,
32140,Cottage industries and handicraft,321,III.2.a. Industry,"Industry, mining and trade policy","Industry, mining and trade policy",Productive,Productive,Non-IDRC,All other,,
32161,Agro-industries,321,III.2.a. Industry,"Industry, mining and trade policy","Industry, mining and trade policy",Productive,Productive,Non-IDRC,All other,,
32162,Forest industries,321,III.2.a. Industry,"Industry, mining and trade policy","Industry, mining and trade policy",Productive,Productive,Non-IDRC,All other,,
32163,"Textiles, leather and substitutes",321,III.2.a. Industry,"Industry, mining and trade policy","Industry, mining and trade policy",Productive,Productive,Non-IDRC,All other,,
32164,Chemicals,321,III.2.a. Industry,"Industry, mining and trade policy","Industry, mining and trade policy",Productive,Productive,Non-IDRC,All other,,
32165,Fertilizer plants,321,III.2.a. Industry,"Industry, mining and trade policy","Industry, mining and trade policy",Productive,Productive,Non-IDRC,All other,,
32166,Cement/lime/plaster,321,III.2.a. Industry,"Industry, mining and trade policy","Industry, mining and trade policy",Productive,Productive,Non-IDRC,All other,,
32167,Energy manufacturing (fossil fuels),321,III.2.a. Industry,"Industry, mining and trade policy","Industry, mining and trade policy",Productive,Productive,Non-IDRC,All other,,
32168,Pharmaceutical production,321,III.2.a. Industry,"Industry, mining and trade policy","Industry, mining and trade policy",Productive,Productive,Non-IDRC,All other,,
32169,Basic metal industries,321,III.2.a. Industry,"Industry, mining and trade policy","Industry, mining and trade policy",Productive,Productive,Non-IDRC,All other,,
32170,Non-ferrous metal industries,321,III.2.a. Industry,"Industry, mining and trade policy","Industry, mining and trade policy",Productive,Productive,Non-IDRC,All other,,
32171,Engineering,321,III.2.a. Industry,"Industry, mining and trade policy","Industry, mining and trade policy",Productive,Productive,Non-IDRC,All other,,
32172,Transport equipment industry,321,III.2.a. Industry,"Industry, mining and trade policy","Industry, mining and trade policy",Productive,Productive,Non-IDRC,All other,,
32173,Modern biofuels manufacturing,321,III.2.a. Industry,"Industry, mining and trade policy","Industry, mining and trade policy",Productive,Productive,Non-IDRC,All other,,
32174,"Clean cooking appliances manufacturing, market development and distribution",321,III.2.a. Industry,"Industry, mining and trade policy","Industry, mining and trade policy",Productive,Productive,Non-IDRC,All other,,
32182,Technological research and development,321,III.2.a. Industry,"Industry, mining and trade policy","Industry, mining and trade policy",Productive,Productive,Non-IDRC,All other,,
32210,Mineral/mining policy and administrative management,322,III.2.b. Mineral Resources & Mining,"Industry, mining and trade policy","Industry, mining and trade policy",Productive,Productive,Non-IDRC,All other,,
32220,Mineral prospection and exploration,322,III.2.b. Mineral Resources & Mining,"Industry, mining and trade policy","Industry, mining and trade policy",Productive,Productive,Non-IDRC,All other,,
32261,Coal,322,III.2.b. Mineral Resources & Mining,"Industry, mining and trade policy","Industry, mining and trade policy",Productive,Productive,Non-IDRC,All other,,
32262,Oil and gas (upstream),322,III.2.b. Mineral Resources & Mining,"Industry, mining and trade policy","Industry, mining and trade policy",Productive,Productive,Non-IDRC,All other,,
32263,Ferrous metals,322,III.2.b. Mineral Resources & Mining,"Industry, mining and trade policy","Industry, mining and trade policy",Productive,Productive,Non-IDRC,All other,,
32264,Nonferrous metals,322,III.2.b. Mineral Resources & Mining,"Industry, mining and trade policy","Industry, mining and trade policy",Productive,Productive,Non-IDRC,All other,,
32265,Precious metals/materials,322,III.2.b. Mineral Resources & Mining,"Industry, mining and trade policy","Industry, mining and trade policy",Productive,Productive,Non-IDRC,All other,,
32266,Industrial minerals,322,III.2.b. Mineral Resources & Mining,"Industry, mining and trade policy","Industry, mining and trade policy",Productive,Productive,Non-IDRC,All other,,
32267,Fertilizer minerals,322,III.2.b. Mineral Resources & Mining,"Industry, mining and trade policy","Industry, mining and trade policy",Productive,Productive,Non-IDRC,All other,,
32268,Offshore minerals,322,III.2.b. Mineral Resources & Mining,"Industry, mining and trade policy","Industry, mining and trade policy",Productive,Productive,Non-IDRC,All other,,
32310,Construction policy and administrative management,323,III.2.c. Construction,"Industry, mining and trade policy","Industry, mining and trade policy",Productive,Productive,Non-IDRC,All other,,
33110,Trade policy and administrative management,331,III.3.a. Trade Policies & Regulations,"Industry, mining and trade policy","Industry, mining and trade policy",Productive,Productive,Non-IDRC,All other,,
33120,Trade facilitation,331,III.3.a. Trade Policies & Regulations,"Industry, mining and trade policy","Industry, mining and trade policy",Productive,Productive,Non-IDRC,All other,,
33130,Regional trade agreements (RTAs),331,III.3.a. Trade Policies & Regulations,"Industry, mining and trade policy","Industry, mining and trade policy",Productive,Productive,Non-IDRC,All other,,
33140,Multilateral trade negotiations,331,III.3.a. Trade Policies & Regulations,"Industry, mining and trade policy","Industry, mining and trade policy",Productive,Productive,Non-IDRC,All other,,
33150,Trade-related adjustment,331,III.3.a. Trade Policies & Regulations,"Industry, mining and trade policy","Industry, mining and trade policy",Productive,Productive,Non-IDRC,All other,,
33181,Trade education/training,331,III.3.a. Trade Policies & Regulations,"Industry, mining and trade policy","Industry, mining and trade policy",Productive,Productive,Non-IDRC,All other,,
33210,Tourism policy and administrative management,332,III.3.b. Tourism,"Industry, mining and trade policy","Industry, mining and trade policy",Productive,Productive,Non-IDRC,All other,,
41010,Environmental policy and administrative management,410,IV.1. General Environment Protection,Environment,Environment,Multisector/commodities/other,Multisector/commodities/other,Non-IDRC,All other,,
41020,Biosphere protection,410,IV.1. General Environment Protection,Environment,Environment,Multisector/commodities/other,Multisector/commodities/other,Non-IDRC,All other,,
41030,Biodiversity,410,IV.1. General Environment Protection,Environment,Environment,Multisector/commodities/other,Multisector/commodities/other,Non-IDRC,All other,,
41040,Site preservation,410,IV.1. General Environment Protection,Environment,Environment,Multisector/commodities/other,Multisector/commodities/other,Non-IDRC,All other,,
41081,Environmental education/training,410,IV.1. General Environment Protection,Environment,Environment,Multisector/commodities/other,Multisector/commodities/other,Non-IDRC,All other,,
41082,Environmental research,410,IV.1. General Environment Protection,Environment,Environment,Multisector/commodities/other,Multisector/commodities/other,Non-IDRC,All other,,
43010,Multisector aid,430,IV.2. Other Multisector,Multisector/other,Multisector/other,Multisector/commodities/other,Multisector/commodities/other,Non-IDRC,All other,,
43030,Urban development and management,430,IV.2. Other Multisector,Multisector/other,Multisector/other,Multisector/commodities/other,Multisector/commodities/other,Non-IDRC,All other,,
43040,Rural development,430,IV.2. Other Multisector,Multisector/other,Multisector/other,Multisector/commodities/other,Multisector/commodities/other,Non-IDRC,All other,,
43050,Non-agricultural alternative development,430,IV.2. Other Multisector,Multisector/other,Multisector/other,Multisector/commodities/other,Multisector/commodities/other,Non-IDRC,All other,,
43060,Disaster Risk Reduction,430,IV.2. Other Multisector,Multisector/other,Multisector/other,Multisector/commodities/other,Multisector/commodities/other,Non-IDRC,All other,,
43071,Food security policy and administrative management,430,IV.2. Other Multisector,Agriculture and food security,Agriculture and food security,Multisector/commodities/other,Multisector/commodities/other,Non-IDRC,All other,,
43072,Household food security programmes,430,IV.2. Other Multisector,Agriculture and food security,Agriculture and food security,Multisector/commodities/other,Multisector/commodities/other,Non-IDRC,All other,,
43073,Food safety and quality,430,IV.2. Other Multisector,Agriculture and food security,Agriculture and food security,Multisector/commodities/other,Multisector/commodities/other,Non-IDRC,All other,,
43081,Multisector education/training,430,IV.2. Other Multisector,Multisector/other,Multisector/other,Multisector/commodities/other,Multisector/commodities/other,Non-IDRC,All other,,
43082,Research/scientific institutions,430,IV.2. Other Multisector,Multisector/other,Multisector/other,Multisector/commodities/other,Multisector/commodities/other,Non-IDRC,All other,,
51010,General budget support-related aid,510,VI.1. General Budget Support,General budget support,General budget support,Multisector/commodities/other,Multisector/commodities/other,Non-IDRC,All other,,
52010,Food assistance,520,VI.2. Development Food Assistance,Agriculture and food security,Agriculture and food security,Multisector/commodities/other,Multisector/commodities/other,Non-IDRC,All other,,
53030,Import support (capital goods),530,VI.3. Other Commodity Assistance,Multisector/other,Multisector/other,Multisector/commodities/other,Multisector/commodities/other,Non-IDRC,All other,,
53040,Import support (commodities),530,VI.3. Other Commodity Assistance,Multisector/other,Multisector/other,Multisector/commodities/other,Multisector/commodities/other,Non-IDRC,All other,,
60010,Action relating to debt,600,VII. Action Relating to Debt,Non-transfer,Non-transfer/IDRC,Non-transfer/IDRC,Non-transfer/IDRC,Non-IDRC,All other,Non-transfer,Non-transfer
60020,Debt forgiveness,600,VII. Action Relating to Debt,Non-transfer,Non-transfer/IDRC,Non-transfer/IDRC,Non-transfer/IDRC,Non-IDRC,All other,Non-transfer,Non-transfer
60030,Relief of multilateral debt,600,VII. Action Relating to Debt,Non-transfer,Non-transfer/IDRC,Non-transfer/IDRC,Non-transfer/IDRC,Non-IDRC,All other,Non-transfer,Non-transfer
60040,Rescheduling and refinancing,600,VII. Action Relating to Debt,Non-transfer,Non-transfer/IDRC,Non-transfer/IDRC,Non-transfer/IDRC,Non-IDRC,All other,Non-transfer,Non-transfer
60061,Debt for development swap,600,VII. Action Relating to Debt,Non-transfer,Non-transfer/IDRC,Non-transfer/IDRC,Non-transfer/IDRC,Non-IDRC,All other,Non-transfer,Non-transfer
60062,Other debt swap,600,VII. Action Relating to Debt,Non-transfer,Non-transfer/IDRC,Non-transfer/IDRC,Non-transfer/IDRC,Non-IDRC,All other,Non-transfer,Non-transfer
60063,Debt buy-back,600,VII. Action Relating to Debt,Non-transfer,Non-transfer/IDRC,Non-transfer/IDRC,Non-transfer/IDRC,Non-IDRC,All other,Non-transfer,Non-transfer
72010,Material relief assistance and services,720,VIII.1. Emergency Response,Humanitarian,Humanitarian,Humanitarian,Humanitarian,Non-IDRC,All other,,
72040,Emergency food assistance,720,VIII.1. Emergency Response,Humanitarian,Humanitarian,Humanitarian,Humanitarian,Non-IDRC,All other,,
72050,Relief co-ordination and support services,720,VIII.1. Emergency Response,Humanitarian,Humanitarian,Humanitarian,Humanitarian,Non-IDRC,All other,,
73010,Immediate post-emergency reconstruction and rehabilitation,730,VIII.2. Reconstruction Relief & Rehabilitation,Humanitarian,Humanitarian,Humanitarian,Humanitarian,Non-IDRC,All other,,
74020,Multi-hazard response preparedness,740,VIII.3. Disaster Prevention & Preparedness,Humanitarian,Humanitarian,Humanitarian,Humanitarian,Non-IDRC,All other,,
91010,Administrative costs (non-sector allocable),910,Administrative Costs of Donors,Non-transfer,Non-transfer/IDRC,Non-transfer/IDRC,Non-transfer/IDRC,Non-IDRC,All other,Non-transfer,Non-transfer
93010,Refugees/asylum seekers  in donor countries (non-sector allocable),930,Refugees in Donor Countries,IDRC,Non-transfer/IDRC,Non-transfer/IDRC,Non-transfer/IDRC,IDRC,IDRC,Non-transfer,Non-transfer
99810,Sectors not specified,998,IX. Unallocated / Unspecified,Multisector/other,Multisector/other,Multisector/commodities/other,Multisector/commodities/other,Non-IDRC,All other,,
99820,Promotion of development awareness (non-sector allocable),998,IX. Unallocated / Unspecified,Non-transfer,Non-transfer/IDRC,Non-transfer/IDRC,Non-transfer/IDRC,Non-IDRC,All other,Non-transfer,Non-transfer